<?xml version="1.0" encoding="UTF-8"?>
<metadata><idinfo><citation><citeinfo><origin>Utah Automated Geographic Reference Center (AGRC)</origin><pubdate>20170907</pubdate><title>Parks Local</title><onlink>https://gis.utah.gov/data/recreation</onlink></citeinfo></citation><descript><abstract>This data set shows the locations of local parks, excluding State and Federaly owned parks.</abstract><purpose>The data was developed for the State Geogrphic Information Database (SGID).  State and Federal parks can be located in the SGID in the dataset CADASTRE.LandOwnership.</purpose></descript><timeperd><timeinfo><sngdate><caldate>2017</caldate></sngdate></timeinfo><current/></timeperd><status><progress>Complete</progress><update>As needed</update></status><spdom><bounding><westbc>-113.891597</westbc><eastbc>-109.232158</eastbc><northbc>41.962874</northbc><southbc>37.004319</southbc></bounding></spdom><keywords><theme><themekt>None</themekt><themekey>Parks</themekey></theme><place><placekt/><placekey>Utah</placekey></place></keywords><accconst>None</accconst><useconst>Data released to the Receiving Agency (RA) remains the property of the originating data source (see Source_Information) and cannot be reproduced for sale by the RA without the written consent of that data source. Redistribution of datasets unchanged as obtained from the AGRC and without fee is allowed. Any hardcopies utilizing these data sets shall clearly indicate their source. If the RA has modified the data in any way, they are obligated to describe the types of modifications they have performed on the hardcopy map. RA specifically agrees not to misrepresent these data sets, nor to imply that changes they made were approved by the AGRC. The Utah Automated Geographic Reference Center (AGRC) has adopted the following spatial data disclaimer to be explicitly included or referenced in all geospatial data, mapping products, and services created or hosted at AGRC including the contents of State Geographic Information Database (SGID). This product is for informational purposes and may not have been prepared for, or be suitable for legal, engineering, or surveying purposes. Users of this information should review or consult the primary data and information sources to ascertain the usability of the information. AGRC provides these data in good faith and shall in no event be liable for any incorrect results, any lost profits and special, indirect or consequential damages to any party, arising out of or in connection with the use or the inability to use the data hereon or the services provided. AGRC provides these data and services as a convenience to the public. Further more, AGRC reserves the right to change or revise published data and/or these services at any time.Furthermore, it is the official policy of the AGRC: · that the adopted disclaimer be used on all hard copy maps produced from geospatial data, and that the date and source of the data be included on the map; · that spatial data producers be allowed to extend the adopted disclaimer with additional language further defining the limits of their liability; · that a more robust disclaimer may be used in conjunction with any and all geospatial data published on the Internet, on a separate page preceding access to the data, with an accept/reject option for users; · that standardized metadata be included with any distribution of all geospatial data; and · that the disclaimer above may be used as a blanket disclaimer for documents containing a number of small maps.</useconst><ptcontac><cntinfo><cntorgp><cntorg>Utah AGRC</cntorg><cntper/></cntorgp><cntpos/><cntaddr><addrtype>mailing and physical address</addrtype><address>Utah Automated Geographic Reference 1 State Office Building, Room 5130</address><city>Salt Lake City</city><state>UT</state><postal>84114</postal></cntaddr><cntvoice>801-538-3665</cntvoice></cntinfo></ptcontac></idinfo><distinfo><distrib><cntinfo><cntorgp><cntorg>Utah AGRC</cntorg><cntper/></cntorgp><cntpos/><cntaddr><addrtype>mailing and physical address</addrtype><address>Utah Automated Geographic Reference 1 State Office Building, Room 5130</address><city>Salt Lake City</city><state>UT</state><postal>84114</postal></cntaddr><cntvoice>801-538-3665</cntvoice></cntinfo></distrib><distliab/><stdorder><digform><digtinfo><formname>Downloadable File Geodatabase</formname></digtinfo><digtopt><onlinopt><computer><networka><networkr>https://drive.google.com/a/utah.gov/uc?id=0ByStJjVZ7c7mdlNLeGlOeWxvWGM&amp;export=download</networkr></networka></computer></onlinopt></digtopt></digform><digform><digtinfo><formname>Downloadable Shapefile</formname></digtinfo><digtopt><onlinopt><computer><networka><networkr>https://drive.google.com/a/utah.gov/uc?id=0ByStJjVZ7c7mVXNtVUVpdTVFbW8&amp;export=download</networkr></networka></computer></onlinopt></digtopt></digform><fees/></stdorder></distinfo><metainfo><metd/><metrd/><metc><cntinfo><cntorgp><cntorg>Utah AGRC</cntorg></cntorgp><cntaddr><addrtype>mailing and physical address</addrtype><address>Utah Automated Geographic Reference 1 State Office Building, Room 5130</address><city>Salt Lake City</city><state>UT</state><postal>84114</postal><country/></cntaddr><cntvoice>801-538-3665</cntvoice><cntemail/></cntinfo></metc><metstdn>FGDCContentStandardforDigitalGeospatialMetadata</metstdn><metstdv>FGDC-STD-001-1998</metstdv></metainfo><dataIdInfo><envirDesc Sync="TRUE"> Version 6.2 (Build 9200) ; Esri ArcGIS 10.7.1.11595</envirDesc><dataLang><languageCode value="eng" Sync="TRUE"/><countryCode value="USA" Sync="TRUE"/></dataLang><idCitation><resTitle Sync="TRUE">SGID.RECREATION.ParksLocal</resTitle><presForm><PresFormCd value="005" Sync="TRUE"/></presForm></idCitation><spatRpType><SpatRepTypCd value="001" Sync="TRUE"/></spatRpType><searchKeys><keyword>SGID</keyword><keyword>Recreation</keyword></searchKeys><resConst><Consts><useLimit>&lt;p&gt;The data, including but not limited to geographic data, tabular data, and analytical data, are provided &amp;quot;as is&amp;quot; and &amp;quot;as available&amp;quot;, with no guarantees relating to the availability, completeness, or accuracy of data, and without any express or implied warranties. These data are provided as a public service for informational purposes only. You are solely responsible for obtaining the proper evaluation of a location and associated data by a qualified professional. UGRC reserves the right to change, revise, suspend or discontinue published data and services without notice at any time. Neither UGRC nor the State of Utah are responsible for any misuse or misrepresentation of the data. UGRC and the State of Utah are not obligated to provide you with any maintenance or support. The user assumes the entire risk as to the quality and performance of the data. You agree to hold the State of Utah harmless for any claims, liability, costs, and damages relating to your use of the data. You agree that your sole remedy for any dissatisfaction or claims is to discontinue use of the data.&lt;/p&gt;&lt;p&gt;&lt;a href="http://creativecommons.org/licenses/by/4.0/" rel="license nofollow noopener ugc"&gt;&lt;img alt="Creative Commons License" src="https://i.creativecommons.org/l/by/4.0/88x31.png" rel="license nofollow noopener ugc" style="border-width:0;" /&gt;&lt;/a&gt;&lt;br /&gt;This work is licensed under a &lt;a href="http://creativecommons.org/licenses/by/4.0/" rel="license nofollow noopener ugc"&gt;Creative Commons Attribution 4.0 International License&lt;/a&gt;.&lt;/p&gt;</useLimit></Consts></resConst><dataExt><geoEle><GeoBndBox esriExtentType="search"><exTypeCode Sync="TRUE">1</exTypeCode><westBL Sync="TRUE">-113.891597</westBL><eastBL Sync="TRUE">-109.232158</eastBL><northBL Sync="TRUE">41.962874</northBL><southBL Sync="TRUE">37.004319</southBL></GeoBndBox></geoEle></dataExt></dataIdInfo><mdLang><languageCode value="eng" Sync="TRUE"/><countryCode value="USA" Sync="TRUE"/></mdLang><Esri><DataProperties><itemProps><itemName Sync="TRUE">SGID.RECREATION.ParksLocal</itemName><imsContentType Sync="TRUE">002</imsContentType><nativeExtBox><westBL Sync="TRUE">260238.132800</westBL><eastBL Sync="TRUE">646527.255900</eastBL><southBL Sync="TRUE">4098746.175300</southBL><northBL Sync="TRUE">4645654.194200</northBL><exTypeCode Sync="TRUE">1</exTypeCode></nativeExtBox></itemProps><coordRef><type Sync="TRUE">Projected</type><geogcsn Sync="TRUE">GCS_North_American_1983</geogcsn><csUnits Sync="TRUE">Linear Unit: Meter (1.000000)</csUnits><projcsn Sync="TRUE">NAD_1983_UTM_Zone_12N</projcsn><peXml Sync="TRUE">&lt;ProjectedCoordinateSystem xsi:type='typens:ProjectedCoordinateSystem' xmlns:xsi='http://www.w3.org/2001/XMLSchema-instance' xmlns:xs='http://www.w3.org/2001/XMLSchema' xmlns:typens='http://www.esri.com/schemas/ArcGIS/10.7'&gt;&lt;WKT&gt;PROJCS[&amp;quot;NAD_1983_UTM_Zone_12N&amp;quot;,GEOGCS[&amp;quot;GCS_North_American_1983&amp;quot;,DATUM[&amp;quot;D_North_American_1983&amp;quot;,SPHEROID[&amp;quot;GRS_1980&amp;quot;,6378137.0,298.257222101]],PRIMEM[&amp;quot;Greenwich&amp;quot;,0.0],UNIT[&amp;quot;Degree&amp;quot;,0.0174532925199433]],PROJECTION[&amp;quot;Transverse_Mercator&amp;quot;],PARAMETER[&amp;quot;False_Easting&amp;quot;,500000.0],PARAMETER[&amp;quot;False_Northing&amp;quot;,0.0],PARAMETER[&amp;quot;Central_Meridian&amp;quot;,-111.0],PARAMETER[&amp;quot;Scale_Factor&amp;quot;,0.9996],PARAMETER[&amp;quot;Latitude_Of_Origin&amp;quot;,0.0],UNIT[&amp;quot;Meter&amp;quot;,1.0],AUTHORITY[&amp;quot;EPSG&amp;quot;,26912]]&lt;/WKT&gt;&lt;XOrigin&gt;-5120900&lt;/XOrigin&gt;&lt;YOrigin&gt;-9998100&lt;/YOrigin&gt;&lt;XYScale&gt;10000&lt;/XYScale&gt;&lt;ZOrigin&gt;0&lt;/ZOrigin&gt;&lt;ZScale&gt;1&lt;/ZScale&gt;&lt;MOrigin&gt;0&lt;/MOrigin&gt;&lt;MScale&gt;1&lt;/MScale&gt;&lt;XYTolerance&gt;0.001&lt;/XYTolerance&gt;&lt;ZTolerance&gt;0.001&lt;/ZTolerance&gt;&lt;MTolerance&gt;0.001&lt;/MTolerance&gt;&lt;HighPrecision&gt;true&lt;/HighPrecision&gt;&lt;WKID&gt;26912&lt;/WKID&gt;&lt;LatestWKID&gt;26912&lt;/LatestWKID&gt;&lt;/ProjectedCoordinateSystem&gt;</peXml></coordRef><LayerFile>{"type":"CIMLayerDocument","version":"2.7.0","build":26828,"layers":["CIMPATH=map/sgid_recreation_parkslocal.xml"],"layerDefinitions":[{"type":"CIMFeatureLayer","name":"SGID.RECREATION.ParksLocal","uRI":"CIMPATH=map/sgid_recreation_parkslocal.xml","sourceModifiedTime":{"type":"TimeInstant"},"useSourceMetadata":true,"description":"SGID.RECREATION.ParksLocal","layerElevation":{"type":"CIMLayerElevationSurface","mapElevationID":"{032AB419-1B26-4FBF-9078-B77274F105E5}"},"expanded":true,"layerType":"Operational","showLegends":true,"visibility":true,"displayCacheType":"Permanent","maxDisplayCacheAge":5,"showPopups":true,"serviceLayerID":-1,"refreshRate":-1,"refreshRateUnit":"esriTimeUnitsSeconds","blendingMode":"Alpha","autoGenerateFeatureTemplates":true,"featureElevationExpression":"0","featureTable":{"type":"CIMFeatureTable","displayField":"NAME","editable":true,"dataConnection":{"type":"CIMStandardDataConnection"},"studyAreaSpatialRel":"esriSpatialRelUndefined","searchOrder":"esriSearchOrderSpatial"},"htmlPopupEnabled":true,"selectable":true,"featureCacheType":"Session","displayFiltersType":"ByScale","featureBlendingMode":"Alpha","labelClasses":[{"type":"CIMLabelClass","expressionTitle":"Custom","expression":"$feature.NAME","expressionEngine":"Arcade","featuresToLabel":"AllVisibleFeatures","maplexLabelPlacementProperties":{"type":"CIMMaplexLabelPlacementProperties","featureType":"Polygon","avoidPolygonHoles":true,"canOverrunFeature":true,"canPlaceLabelOutsidePolygon":true,"canRemoveOverlappingLabel":true,"canStackLabel":true,"connectionType":"Unambiguous","constrainOffset":"NoConstraint","contourAlignmentType":"Page","contourLadderType":"Straight","contourMaximumAngle":90,"enableConnection":true,"featureWeight":0,"fontHeightReductionLimit":4,"fontHeightReductionStep":0.5,"fontWidthReductionLimit":90,"fontWidthReductionStep":5,"graticuleAlignmentType":"Straight","keyNumberGroupName":"Default","labelBuffer":15,"labelLargestPolygon":true,"labelPriority":-1,"labelStackingProperties":{"type":"CIMMaplexLabelStackingProperties","stackAlignment":"ChooseBest","maximumNumberOfLines":3,"minimumNumberOfCharsPerLine":3,"maximumNumberOfCharsPerLine":24,"separators":[{"type":"CIMMaplexStackingSeparator","separator":" ","splitAfter":true},{"type":"CIMMaplexStackingSeparator","separator":",","visible":true,"splitAfter":true}]},"lineFeatureType":"General","linePlacementMethod":"OffsetCurvedFromLine","maximumLabelOverrun":80,"maximumLabelOverrunUnit":"Point","minimumFeatureSizeUnit":"Map","multiPartOption":"OneLabelPerPart","offsetAlongLineProperties":{"type":"CIMMaplexOffsetAlongLineProperties","placementMethod":"BestPositionAlongLine","labelAnchorPoint":"CenterOfLabel","distanceUnit":"Percentage","useLineDirection":true},"pointExternalZonePriorities":{"type":"CIMMaplexExternalZonePriorities","aboveLeft":4,"aboveCenter":2,"aboveRight":1,"centerRight":3,"belowRight":5,"belowCenter":7,"belowLeft":8,"centerLeft":6},"pointPlacementMethod":"AroundPoint","polygonAnchorPointType":"GeometricCenter","polygonBoundaryWeight":0,"polygonExternalZones":{"type":"CIMMaplexExternalZonePriorities","aboveLeft":4,"aboveCenter":2,"aboveRight":1,"centerRight":3,"belowRight":5,"belowCenter":7,"belowLeft":8,"centerLeft":6},"polygonFeatureType":"General","polygonInternalZones":{"type":"CIMMaplexInternalZonePriorities","center":1},"polygonPlacementMethod":"HorizontalInPolygon","primaryOffset":1,"primaryOffsetUnit":"Point","removeExtraWhiteSpace":true,"repetitionIntervalUnit":"Point","rotationProperties":{"type":"CIMMaplexRotationProperties","rotationType":"Arithmetic","alignmentType":"Straight"},"secondaryOffset":100,"strategyPriorities":{"type":"CIMMaplexStrategyPriorities","stacking":1,"overrun":2,"fontCompression":3,"fontReduction":4,"abbreviation":5},"thinningDistanceUnit":"Point","truncationMarkerCharacter":".","truncationMinimumLength":1,"truncationPreferredCharacters":"aeiou","truncationExcludedCharacters":"0123456789","polygonAnchorPointPerimeterInsetUnit":"Point"},"name":"Class 1","priority":-1,"standardLabelPlacementProperties":{"type":"CIMStandardLabelPlacementProperties","featureType":"Line","featureWeight":"None","labelWeight":"High","numLabelsOption":"OneLabelPerName","lineLabelPosition":{"type":"CIMStandardLineLabelPosition","above":true,"inLine":true,"parallel":true},"lineLabelPriorities":{"type":"CIMStandardLineLabelPriorities","aboveStart":3,"aboveAlong":3,"aboveEnd":3,"centerStart":3,"centerAlong":3,"centerEnd":3,"belowStart":3,"belowAlong":3,"belowEnd":3},"pointPlacementMethod":"AroundPoint","pointPlacementPriorities":{"type":"CIMStandardPointPlacementPriorities","aboveLeft":2,"aboveCenter":2,"aboveRight":1,"centerLeft":3,"centerRight":2,"belowLeft":3,"belowCenter":3,"belowRight":2},"rotationType":"Arithmetic","polygonPlacementMethod":"AlwaysHorizontal"},"textSymbol":{"type":"CIMSymbolReference","symbol":{"type":"CIMTextSymbol","blockProgression":"TTB","depth3D":1,"extrapolateBaselines":true,"fontEffects":"Normal","fontEncoding":"Unicode","fontFamilyName":"Tahoma","fontStyleName":"Regular","fontType":"Unspecified","haloSize":1,"height":10,"hinting":"Default","horizontalAlignment":"Left","kerning":true,"letterWidth":100,"ligatures":true,"lineGapType":"ExtraLeading","symbol":{"type":"CIMPolygonSymbol","symbolLayers":[{"type":"CIMSolidFill","enable":true,"color":{"type":"CIMRGBColor","values":[0,0,0,100]}}]},"textCase":"Normal","textDirection":"LTR","verticalAlignment":"Bottom","verticalGlyphOrientation":"Right","wordSpacing":100,"billboardMode3D":"FaceNearPlane"}},"useCodedValue":true,"visibility":true,"iD":-1}],"renderer":{"type":"CIMSimpleRenderer","patch":"Default","symbol":{"type":"CIMSymbolReference","symbol":{"type":"CIMPolygonSymbol","symbolLayers":[{"type":"CIMSolidStroke","enable":true,"capStyle":"Round","joinStyle":"Round","lineStyle3D":"Strip","miterLimit":10,"width":0.69999999999999996,"color":{"type":"CIMRGBColor","values":[110,110,110,100]}},{"type":"CIMSolidFill","enable":true,"color":{"type":"CIMRGBColor","values":[252.449999999999989,191.860000000000014,203.97999999999999,30]}}]}}},"scaleSymbols":true,"snappable":true}]}</LayerFile></DataProperties><SyncDate>20210702</SyncDate><SyncTime>10060400</SyncTime><ModDate>20210702</ModDate><ModTime>10060400</ModTime><CreaDate>20250919</CreaDate><CreaTime>03161400</CreaTime><ArcGISFormat>1.0</ArcGISFormat><SyncOnce>FALSE</SyncOnce></Esri><distInfo><distFormat><formatName Sync="FALSE">Feature Class</formatName></distFormat></distInfo><mdHrLv><ScopeCd value="005" Sync="TRUE"/></mdHrLv><mdHrLvName Sync="TRUE">dataset</mdHrLvName><refSysInfo><RefSystem><refSysID><identCode code="26912" Sync="TRUE"/><idCodeSpace Sync="TRUE">EPSG</idCodeSpace><idVersion Sync="TRUE">6.13(3.0.1)</idVersion></refSysID></RefSystem></refSysInfo><spatRepInfo><VectSpatRep><geometObjs Name="SGID.RECREATION.ParksLocal"><geoObjTyp><GeoObjTypCd value="002" Sync="TRUE"/></geoObjTyp><geoObjCnt Sync="TRUE">1731</geoObjCnt></geometObjs><topLvl><TopoLevCd value="001" Sync="TRUE"/></topLvl></VectSpatRep></spatRepInfo><spdoinfo><ptvctinf><esriterm Name="SGID.RECREATION.ParksLocal"><efeatyp Sync="TRUE">Simple</efeatyp><efeageom code="4" Sync="TRUE"/><esritopo Sync="TRUE">FALSE</esritopo><efeacnt Sync="TRUE">1731</efeacnt><spindex Sync="TRUE">TRUE</spindex><linrefer Sync="TRUE">FALSE</linrefer></esriterm></ptvctinf></spdoinfo><eainfo><detailed Name="SGID.RECREATION.ParksLocal"><enttyp><enttypl Sync="TRUE">SGID.RECREATION.ParksLocal</enttypl><enttypt Sync="TRUE">Feature Class</enttypt><enttypc Sync="TRUE">1731</enttypc></enttyp><attr><attrlabl Sync="TRUE">OBJECTID</attrlabl><attalias Sync="TRUE">OBJECTID</attalias><attrtype Sync="TRUE">OID</attrtype><attwidth Sync="TRUE">4</attwidth><atprecis Sync="TRUE">10</atprecis><attscale Sync="TRUE">0</attscale><attrdef Sync="TRUE">Internal feature number.</attrdef><attrdefs Sync="TRUE">Esri</attrdefs><attrdomv><udom Sync="TRUE">Sequential unique whole numbers that are automatically generated.</udom></attrdomv></attr><attr><attrlabl Sync="TRUE">Shape</attrlabl><attalias Sync="TRUE">Shape</attalias><attrtype Sync="TRUE">Geometry</attrtype><attwidth Sync="TRUE">4</attwidth><atprecis Sync="TRUE">0</atprecis><attscale Sync="TRUE">0</attscale><attrdef Sync="TRUE">Feature geometry.</attrdef><attrdefs Sync="TRUE">Esri</attrdefs><attrdomv><udom Sync="TRUE">Coordinates defining the features.</udom></attrdomv></attr><attr><attrlabl Sync="TRUE">NAME</attrlabl><attalias Sync="TRUE">NAME</attalias><attrtype Sync="TRUE">String</attrtype><attwidth Sync="TRUE">150</attwidth><atprecis Sync="TRUE">0</atprecis><attscale Sync="TRUE">0</attscale></attr><attr><attrlabl Sync="TRUE">COUNTY</attrlabl><attalias Sync="TRUE">COUNTY</attalias><attrtype Sync="TRUE">String</attrtype><attwidth Sync="TRUE">50</attwidth><atprecis Sync="TRUE">0</atprecis><attscale Sync="TRUE">0</attscale></attr><attr><attrlabl Sync="TRUE">CITY</attrlabl><attalias Sync="TRUE">CITY</attalias><attrtype Sync="TRUE">String</attrtype><attwidth Sync="TRUE">75</attwidth><atprecis Sync="TRUE">0</atprecis><attscale Sync="TRUE">0</attscale></attr><attr><attrlabl Sync="TRUE">ACRES</attrlabl><attalias Sync="TRUE">ACRES</attalias><attrtype Sync="TRUE">Double</attrtype><attwidth Sync="TRUE">8</attwidth><atprecis Sync="TRUE">38</atprecis><attscale Sync="TRUE">8</attscale></attr><attr><attrlabl Sync="TRUE">TYPE</attrlabl><attalias Sync="TRUE">TYPE</attalias><attrtype Sync="TRUE">String</attrtype><attwidth Sync="TRUE">75</attwidth><atprecis Sync="TRUE">0</atprecis><attscale Sync="TRUE">0</attscale></attr><attr><attrlabl Sync="TRUE">STATUS</attrlabl><attalias Sync="TRUE">STATUS</attalias><attrtype Sync="TRUE">String</attrtype><attwidth Sync="TRUE">50</attwidth><atprecis Sync="TRUE">0</atprecis><attscale Sync="TRUE">0</attscale></attr><attr><attrlabl Sync="TRUE">Shape.STArea()</attrlabl><attalias Sync="TRUE">Shape.STArea()</attalias><attrtype Sync="TRUE">Double</attrtype><attwidth Sync="TRUE">0</attwidth><atprecis Sync="TRUE">0</atprecis><attscale Sync="TRUE">0</attscale></attr><attr><attrlabl Sync="TRUE">Shape.STLength()</attrlabl><attalias Sync="TRUE">Shape.STLength()</attalias><attrtype Sync="TRUE">Double</attrtype><attwidth Sync="TRUE">0</attwidth><atprecis Sync="TRUE">0</atprecis><attscale Sync="TRUE">0</attscale></attr></detailed></eainfo><mdDateSt Sync="TRUE">20210702</mdDateSt></metadata>
